month,sample_period,sp500_log_return,credit_spread,z_sp500_log_return,z_credit_spread
1990-02,in_sample,-0.02840201650666517,0.94,-0.9759364678560274,-0.02722138660248113
1990-03,in_sample,0.02395055506347788,0.84,0.5167648382754468,-0.278440034237079
1990-04,in_sample,-0.0008276188696565126,0.91,-0.1897221877532059,-0.1025869808928603
1990-05,in_sample,0.03506888710683337,0.94,0.8337759852996963,-0.02722138660248113
1990-06,in_sample,0.02853959318427709,0.98,0.6476096657855196,0.07326607245135815
1990-07,in_sample,-0.0009994170899337458,0.92,-0.1946205799449877,-0.07746511612940049
1990-08,in_sample,-0.08482455831639456,0.97,-2.584682692323691,0.04814420768789832
1990-09,in_sample,-0.04748942319829406,1.16,-1.520165644088244,0.5254596381936343
1990-10,in_sample,-0.02663482910422876,1.29,-0.9255495839899383,0.852043880118612
1990-11,in_sample,0.02625429952931824,1.36,0.582450291158037,1.027896933462831
1990-12,in_sample,0.04180473327011384,1.38,1.025831620090398,1.07814066298975
1991-01,in_sample,-0.00996584428148542,1.34,-0.4502755970481979,0.977653203935911
1991-02,in_sample,0.1070304468542816,1.25,2.88557804591776,0.7515564210647726
1991-03,in_sample,0.02728407325273911,1.11,0.6118116870908176,0.3998503143763358
1991-04,in_sample,0.01968253336994373,1.02,0.3950729831198686,0.1737535315051974
1991-05,in_sample,-0.004461052444261111,0.95,-0.2933203660258347,-0.002099521839021312
1991-06,in_sample,0.0007933569993531239,0.88,-0.1435041563497931,-0.1779525751832398
1991-07,in_sample,0.005115235537913587,0.87,-0.02027670933112582,-0.2030744399466996
1991-08,in_sample,0.02383076015764036,0.88,0.5133491892051433,-0.1779525751832398
1991-09,in_sample,-0.005665737535677308,0.88,-0.3276689176920075,-0.1779525751832398
1991-10,in_sample,-0.0008267879759940738,0.92,-0.1896984969197285,-0.07746511612940049
1991-11,in_sample,-0.002484473327661833,1,-0.2369632064722323,0.1235098019782778
1991-12,in_sample,0.006688815403407365,0.94,0.0245899447811305,-0.02722138660248113
1992-01,in_sample,0.06855863996264357,0.94,1.788651673935359,-0.02722138660248113
1992-02,in_sample,-0.008495899722113521,0.9,-0.4083638418486377,-0.1277088456563201
1992-03,in_sample,-0.01268433437366176,0.87,-0.527786473583847,-0.2030744399466996
1992-04,in_sample,0.000122734023252678,0.85,-0.1626252761405507,-0.2533181694736192
1992-05,in_sample,0.0180005346763419,0.87,0.3471150400513612,-0.2030744399466996
1992-06,in_sample,-0.01589186382830046,0.82,-0.6192410719502225,-0.3286837637639987
1992-07,in_sample,0.0164702746607087,0.69,0.3034835420074491,-0.655268005688976
1992-08,in_sample,0.006914959485198716,0.72,0.03103787190561905,-0.5799024113985966
1992-09,in_sample,0.001315144676112386,0.72,-0.1286266990776454,-0.5799024113985966
1992-10,in_sample,-0.01439289328761995,0.9,-0.5765017142296849,-0.1277088456563201
1992-11,in_sample,0.02475765112572652,0.87,0.5397771433095551,-0.2030744399466996
1992-12,in_sample,0.02982235730702351,0.85,0.684184443758302,-0.2533181694736192
1993-01,in_sample,-0.0009415872180501442,0.7,-0.1929717072591749,-0.6301461409255162
1993-02,in_sample,0.01475629161304519,0.62,0.2546136458934322,-0.8311210590331944
1993-03,in_sample,0.01897215652254279,0.58,0.3748183821297297,-0.9316085180870337
1993-04,in_sample,-0.01585273447629152,0.76,-0.6181253973405509,-0.4794149523447573
1993-05,in_sample,0.004885581521038919,0.8,-0.02682471338643491,-0.378927493290918
1993-06,in_sample,0.00629122984901231,0.72,0.01325379722342451,-0.5799024113985966
1993-07,in_sample,-0.001719998190272551,0.8,-0.2151661294259385,-0.378927493290918
1993-08,in_sample,0.0151763468366641,0.71,0.2665904592979697,-0.6050242761620563
1993-09,in_sample,0.01118944856043626,0.67,0.1529141281102073,-0.7055117352158954
1993-10,in_sample,0.01009606253208669,0.67,0.1217389880230276,-0.7055117352158954
1993-11,in_sample,-0.00217956689181951,0.75,-0.2282695698202117,-0.5045368171082171
1993-12,in_sample,0.006588887365785937,0.77,0.02174074926306871,-0.4542930875812975
1994-01,in_sample,0.01499591438773198,0.7,0.2614458838910364,-0.6301461409255162
1994-02,in_sample,-0.002985487676495005,0.67,-0.2512483647837372,-0.7055117352158954
1994-03,in_sample,-0.01661377333622562,0.64,-0.6398244976171897,-0.7808773295062749
1994-04,in_sample,-0.0364019819371107,0.64,-1.204035269670054,-0.7808773295062749
1994-05,in_sample,0.00817258175747326,0.65,0.06689579353472296,-0.755755464742815
1994-06,in_sample,0.00867813733456159,0.68,0.08131043349621395,-0.6803898704524356
1994-07,in_sample,-0.007569858378164633,0.69,-0.3819601126298692,-0.655268005688976
1994-08,in_sample,0.0280477954989176,0.66,0.6335872973464646,-0.7306335999793552
1994-09,in_sample,0.005841941013182613,0.62,0.0004434612273269337,-0.8311210590331944
1994-10,in_sample,-0.0067686152888596,0.63,-0.3591146903313295,-0.8059991942697347
1994-11,in_sample,-0.00605525087132523,0.64,-0.3387749063271269,-0.7808773295062749
1994-12,in_sample,-0.01270482053009117,0.65,-0.5283705845748194,-0.755755464742815
1995-01,in_sample,0.02185998131710065,0.59,0.4571574098686031,-0.9064866533235739
1995-02,in_sample,0.03520322964911405,0.59,0.8376064234676232,-0.9064866533235739
1995-03,in_sample,0.02303526222852848,0.56,0.4906675756339889,-0.9818522476139531
1995-04,in_sample,0.02949087912851354,0.57,0.6747331809993565,-0.9567303828504935
1995-05,in_sample,0.03082475661906434,0.57,0.7127653275138189,-0.9567303828504935
1995-06,in_sample,0.02923568767385776,0.6,0.6674570414277236,-0.8813647885601141
1995-07,in_sample,0.03286458146475086,0.62,0.7709257792378789,-0.8311210590331944
1995-08,in_sample,0.003116941474494502,0.63,-0.07725301572906364,-0.8059991942697347
1995-09,in_sample,0.03455892827809415,0.61,0.8192357977424832,-0.8562429237966542
1995-10,in_sample,0.007144793626718282,0.66,0.03759101176008074,-0.7306335999793552
1995-11,in_sample,0.02140180969469172,0.68,0.4440938036561392,-0.6803898704524356
1995-12,in_sample,0.03147107090924058,0.67,0.7311933465429302,-0.7055117352158954
1996-01,in_sample,-0.000244102882439898,0.64,-0.1730847036689745,-0.7808773295062749
1996-02,in_sample,0.05558568666259419,0.66,1.418760687598212,-0.7306335999793552
1996-03,in_sample,-0.003809939747189829,0.7,-0.2747555325475995,-0.6301461409255162
1996-04,in_sample,0.0001545308446638816,0.68,-0.1617186701147561,-0.6803898704524356
1996-05,in_sample,0.02149272582134912,0.66,0.4466860473022435,-0.7306335999793552
1996-06,in_sample,0.01093465957359242,0.7,0.1456494638913705,-0.6301461409255162
1996-07,in_sample,-0.03722898069241461,0.72,-1.227615049711179,-0.5799024113985966
1996-08,in_sample,0.02848480322075327,0.68,0.6460474684060589,-0.6803898704524356
1996-09,in_sample,0.01824267822007309,0.68,0.3540191514093785,-0.6803898704524356
1996-10,in_sample,0.03862897995637275,0.68,0.9352830380972222,-0.6803898704524356
1996-11,in_sample,0.04761777136918655,0.7,1.191575714465056,-0.6301461409255162
1996-12,in_sample,0.01025081326223791,0.7,0.1261513141054635,-0.6301461409255162
1997-01,in_sample,0.03043687289287841,0.64,0.7017058030751936,-0.7808773295062749
1997-02,in_sample,0.04112786509762942,0.62,1.006532434303648,-0.8311210590331944
1997-03,in_sample,-0.007833808255602075,0.61,-0.3894859764983943,-0.8562429237966542
1997-04,in_sample,-0.03628722968088854,0.62,-1.200763399012948,-0.8311210590331944
1997-05,in_sample,0.08666551761565723,0.61,2.304923542002115,-0.8562429237966542
1997-06,in_sample,0.05055540683178409,0.58,1.275334967553175,-0.9316085180870337
1997-07,in_sample,0.05441011551118074,0.62,1.385242246372946,-0.8311210590331944
1997-08,in_sample,0.002105229842646273,0.53,-0.1060994167557044,-1.057217841904333
1997-09,in_sample,0.01049219499431652,0.58,0.1330337043289745,-0.9316085180870337
1997-10,in_sample,0.01497766561988691,0.57,0.2609255663826381,-0.9567303828504935
1997-11,in_sample,-0.01295201378701003,0.55,-0.5354186757459531,-1.006974112377413
1997-12,in_sample,0.02466871354409814,0.57,0.53724131287603,-0.9567303828504935
1998-01,in_sample,0.001028181611353105,0.59,-0.136808725838332,-0.9064866533235739
1998-02,in_sample,0.06079069339366621,0.58,1.567168303745291,-0.9316085180870337
1998-03,in_sample,0.05055895171946221,0.63,1.275436041068927,-0.8059991942697347
1998-04,in_sample,0.03231849592419745,0.62,0.7553555297697807,-0.8311210590331944
1998-05,in_sample,-0.00340445790000479,0.6,-0.2631942421514866,-0.8813647885601141
1998-06,in_sample,-2.706591904745037e-05,0.6,-0.1668964430159013,-0.8813647885601141
1998-07,in_sample,0.04255886257725383,0.61,1.047333711926549,-0.8562429237966542
1998-08,in_sample,-0.07350026381373702,0.65,-2.261799046150048,-0.755755464742815
1998-09,in_sample,-0.05153722920428312,0.77,-1.63557860530279,-0.4542930875812975
1998-10,in_sample,0.01152410822934539,0.82,0.1624561030296415,-0.3286837637639987
1998-11,in_sample,0.1029527067196439,1.02,2.769311588655329,0.1737535315051974
1998-12,in_sample,0.03908862658698199,1,0.9483887004418136,0.1235098019782778
1999-01,in_sample,0.0481637438209079,1.05,1.207142739490834,0.2491191257955769
1999-02,in_sample,-0.001755265243171937,0.94,-0.2161716803348521,-0.02722138660248113
1999-03,in_sample,0.02775231109028606,0.86,0.6251623059949922,-0.2281963047101594
1999-04,in_sample,0.04059538769429989,0.8,0.9913501864866411,-0.378927493290918
1999-05,in_sample,-0.002017377119888254,0.8,-0.2236451382566431,-0.378927493290918
1999-06,in_sample,-0.00717243207090421,0.78,-0.370628505601859,-0.4291712228178376
1999-07,in_sample,0.04323894205231309,0.75,1.066724459892655,-0.5045368171082171
1999-08,in_sample,-0.03951069212242331,0.78,-1.292672286244933,-0.4291712228178376
1999-09,in_sample,-0.007045530078172155,0.81,-0.3670102159052769,-0.3538056285274582
1999-10,in_sample,-0.01387245432512865,0.92,-0.5616627121372734,-0.07746511612940049
1999-11,in_sample,0.06765095619570814,0.67,1.762771364643512,-0.7055117352158954
1999-12,in_sample,0.02672802810957289,0.54,0.5959574647178016,-1.032095977140873
2000-01,in_sample,-0.002165177931421222,0.58,-0.2278593049691027,-0.9316085180870337
2000-02,in_sample,-0.02609529623990239,0.64,-0.9101661675286897,-0.7808773295062749
2000-03,in_sample,0.03768619244798874,0.73,0.9084018343098644,-0.5547805466351368
2000-04,in_sample,0.01319084965874718,0.84,0.2099790237579593,-0.278440034237079
2000-05,in_sample,-0.02978163321969517,0.93,-1.015272752736351,-0.05234325136594067
2000-06,in_sample,0.03019212540558345,0.74,0.6947274468454884,-0.529658681871677
2000-07,in_sample,0.007523136308313921,0.71,0.04837849741828622,-0.6050242761620563
2000-08,in_sample,0.008423351116875723,0.72,0.07404584823292025,-0.5799024113985966
2000-09,in_sample,-0.01178949903956771,0.7,-0.5022725048920674,-0.6301461409255162
2000-10,in_sample,-0.05453052806260091,0.84,-1.720924959482668,-0.278440034237079
2000-11,in_sample,-0.008742261748827978,0.81,-0.4153882325906503,-0.3538056285274582
2000-12,in_sample,-0.03478425375247037,0.84,-1.157909837780945,-0.278440034237079
2001-01,in_sample,0.003525144656112428,0.7,-0.0656141333572261,-0.6301461409255162
2001-02,in_sample,-0.02262550231574325,0.83,-0.8112337604422494,-0.3035618990005389
2001-03,in_sample,-0.09631777130550476,0.91,-2.912382622354944,-0.1025869808928603
2001-04,in_sample,0.003359027273438927,0.8,-0.07035055081774474,-0.378927493290918
2001-05,in_sample,0.06548935232012768,0.79,1.701138691564699,-0.4040493580543779
2001-06,in_sample,-0.02523768109716541,0.82,-0.8857134385542127,-0.3286837637639987
2001-07,in_sample,-0.02804748431439923,0.82,-0.9658278781423019,-0.3286837637639987
2001-08,in_sample,-0.02178058781671976,0.83,-0.7871431582342568,-0.3035618990005389
2001-09,in_sample,-0.1205701149378624,0.85,-3.603876925901544,-0.2533181694736192
2001-10,in_sample,0.03012631014455913,0.87,0.6928508909639354,-0.2030744399466996
2001-11,in_sample,0.04813576817811417,0.86,1.20634508471886,-0.2281963047101594
2001-12,in_sample,0.01340909298732138,1.31,0.2162016808662298,0.9022876096455316
2002-01,in_sample,-0.004131043798136776,1.38,-0.2839110032699962,1.07814066298975
2002-02,in_sample,-0.03529337067520806,1.34,-1.172426020515655,0.977653203935911
2002-03,in_sample,0.04713309049690965,1.33,1.177756263969958,0.9525313391724513
2002-04,in_sample,-0.03695493158305477,1.24,-1.219801231760756,0.7264345563013128
2002-05,in_sample,-0.02983088875324135,1.33,-1.016677149828098,0.9525313391724513
2002-06,in_sample,-0.06234372661309363,1.38,-1.943698575593559,1.07814066298975
2002-07,in_sample,-0.1153021901336192,1.23,-3.453675359864607,0.701312691537853
2002-08,in_sample,0.00986716078715539,1.18,0.1152124331015195,0.575703367720554
2002-09,in_sample,-0.05027008178568627,1.3,-1.59944909819221,0.8771657448820718
2002-10,in_sample,-0.01530416995426583,1.41,-0.6024844659790795,1.153506257280129
2002-11,in_sample,0.06269904673916367,1.21,1.621580177812792,0.6510689620109333
2002-12,in_sample,-0.01188443657605377,1.22,-0.5049794088790811,0.6761908267743932
2003-01,in_sample,-0.003721411298604004,1.12,-0.2722313675090818,0.4249721791397956
2003-02,in_sample,-0.06790191345952076,1.09,-2.102176230397363,0.3496065848494161
2003-03,in_sample,0.01140385117901698,1.1,0.1590272770768184,0.3747284496128759
2003-04,in_sample,0.04999140670317733,1.12,1.259253928869113,0.4249721791397956
2003-05,in_sample,0.05031757049843234,1.18,1.268553665416679,0.575703367720554
2003-06,in_sample,0.0541099572261787,1.19,1.376683991245623,0.6008252324840138
2003-07,in_sample,0.004584616268365651,1.12,-0.03540597715804659,0.4249721791397956
2003-08,in_sample,-0.003037231090607381,1.08,-0.2527236975040366,0.3244847200859563
2003-09,in_sample,0.02977865297839768,1.1,0.6829383252493769,0.3747284496128759
2003-10,in_sample,0.01874535616932472,1,0.3683517430836208,0.1235098019782778
2003-11,in_sample,0.01069610844754731,1.03,0.1388477812471935,0.1988753962686572
2003-12,in_sample,0.02885853667630728,0.98,0.6567035336291981,0.07326607245135815
2004-01,in_sample,0.04689178004819937,0.82,1.170875906211593,-0.3286837637639987
2004-02,in_sample,0.009526057589642482,0.77,0.1054867372439445,-0.4542930875812975
2004-03,in_sample,-0.01709533813402244,0.78,-0.653555101121454,-0.4291712228178376
2004-04,in_sample,0.008310714370072882,0.71,0.0708342959819342,-0.6050242761620563
2004-05,in_sample,-0.02735240774060383,0.72,-0.9460095257968845,-0.5799024113985966
2004-06,in_sample,0.02682286825106186,0.8,0.5986615917325484,-0.378927493290918
2004-07,in_sample,-0.02404286256682312,0.79,-0.8516462069485516,-0.4040493580543779
2004-08,in_sample,-0.01540952401836596,0.81,-0.605488370932971,-0.3538056285274582
2004-09,in_sample,0.02603246797633006,0.78,0.5761253248964852,-0.4291712228178376
2004-10,in_sample,-0.0004027079929315814,0.73,-0.1776069276684749,-0.5547805466351368
2004-11,in_sample,0.04526284925549622,0.69,1.124431060257694,-0.655268005688976
2004-12,in_sample,0.02556565141095575,0.67,0.5628152299773764,-0.7055117352158954
2005-01,in_sample,-0.01495436627529946,0.67,-0.5925106978751934,-0.7055117352158954
2005-02,in_sample,0.01530453552734769,0.6,0.2702454359357137,-0.8813647885601141
2005-03,in_sample,-0.0039506760425546,0.74,-0.2787682724304845,-0.529658681871677
2005-04,in_sample,-0.02583080297398458,0.76,-0.9026248103105537,-0.4794149523447573
2005-05,in_sample,0.01182405108747544,0.88,0.1710082158039998,-0.1779525751832398
2005-06,in_sample,0.0201390531885729,0.9,0.4080894923209428,-0.1277088456563201
2005-07,in_sample,0.01649043963527748,0.87,0.3040584953091527,-0.2030744399466996
2005-08,in_sample,0.001659507188508416,0.88,-0.1188080720910501,-0.1779525751832398
2005-09,in_sample,0.00134683453072613,0.93,-0.1277231429398218,-0.05234325136594067
2005-10,in_sample,-0.0280925714970193,0.97,-0.9671134252390017,0.04814420768789832
2005-11,in_sample,0.03738914840433909,0.96,0.8999323739063704,0.02302234292443851
2005-12,in_sample,0.01976507065517469,0.95,0.3974263252723878,-0.002099521839021312
2006-01,in_sample,0.01311416779504232,0.92,0.2077926341561518,-0.07746511612940049
2006-02,in_sample,-0.001627938278741351,0.89,-0.2125412736440051,-0.1528307104197799
2006-03,in_sample,0.01329778892412789,0.88,0.2130281267212522,-0.1779525751832398
2006-04,in_sample,0.006494855086375884,0.79,0.01905965639438611,-0.4040493580543779
2006-05,in_sample,-0.009382133337927324,0.83,-0.433632554276459,-0.3035618990005389
2006-06,in_sample,-0.02897362918903983,0.91,-0.9922345592771676,-0.1025869808928603
2006-07,in_sample,0.005625837923097269,0.88,-0.005718172387886125,-0.1779525751832398
2006-08,in_sample,0.02112829292352608,0.93,0.4362951639843364,-0.05234325136594067
2006-09,in_sample,0.02348767609243474,0.94,0.5035670139101021,-0.02722138660248113
2006-10,in_sample,0.03404876259808718,0.86,0.8046897123439932,-0.2281963047101594
2006-11,in_sample,0.01835794028417331,0.9,0.3573055579500638,-0.1277088456563201
2006-12,in_sample,0.01980771054712211,0.89,0.3986420940587969,-0.1528307104197799
2007-01,in_sample,0.005449604767564685,0.92,-0.01074301555332073,-0.07746511612940049
2007-02,in_sample,0.01438873745209945,0.91,0.2441337676436568,-0.1025869808928603
2007-03,in_sample,-0.02654666278247265,0.97,-0.9230357440830329,0.04814420768789832
2007-04,in_sample,0.03950224276289897,0.91,0.9601819206698048,-0.1025869808928603
2007-05,in_sample,0.03193784920909564,0.93,0.744502350417438,-0.05234325136594067
2007-06,in_sample,0.002016309647751298,0.89,-0.1086347514504549,-0.1528307104197799
2007-07,in_sample,0.004296688543782598,1.01,-0.04361550875633199,0.1486316667417376
2007-08,in_sample,-0.04443263293346555,0.83,-1.433008992866898,-0.3035618990005389
2007-09,in_sample,0.02879856441729145,0.83,0.6549935761871909,-0.3035618990005389
2007-10,in_sample,0.02801835028397296,0.85,0.6327477414375768,-0.2533181694736192
2007-11,in_sample,-0.05080595078666121,1.1,-1.614728048846982,0.3747284496128759
2007-12,in_sample,0.01075925977866102,1.15,0.1406483818979386,0.5003377734301745
2008-01,in_sample,-0.07033037731565632,1.25,-2.171417741582536,0.7515564210647726
2008-02,in_sample,-0.01747903573615586,1.33,-0.6644952688092379,0.9525313391724513
2008-03,in_sample,-0.02839464513284377,1.42,-0.9757262917557675,1.178628122043589
2008-04,in_sample,0.0398428830631021,1.36,0.969894418180132,1.027896933462831
2008-05,in_sample,0.02361584897001179,1.39,0.5072215396770656,1.10326252775321
2008-06,in_sample,-0.04516758070712532,1.44,-1.453964171739258,1.228871851570509
2008-07,in_sample,-0.06461158997665167,1.48,-2.008360969500517,1.329359310624348
2008-08,in_sample,0.01901743149552082,1.52,0.3761092835940221,1.429846769678187
2008-09,in_sample,-0.05166012795459361,1.84,-1.639082752656175,2.233746442108901
2008-10,in_sample,-0.2280448152703013,3,-6.668246464031607,5.147882754670237
2008-11,in_sample,-0.09268769254769137,3.43,-2.808880098206953,6.228122939499008
2008-12,in_sample,-0.006225170620331023,3.37,-0.3436197386566839,6.077391750918249
2009-01,in_sample,-0.01374552660601952,2.93,-0.5580436889180482,4.972029701326019
2009-02,in_sample,-0.07227185156911652,2.81,-2.226773974658457,4.670567324164501
2009-03,in_sample,-0.06159298168708063,3.06,-1.922292980834384,5.298613943250995
2009-04,in_sample,0.1135225377330884,2.79,3.070683614635339,4.620323594637581
2009-05,in_sample,0.06201145530094628,2.4,1.601975245196697,3.640570868862649
2009-06,in_sample,0.02593485364031953,1.8,0.5733420987341399,2.133258983055061
2009-07,in_sample,0.01041933440879142,1.45,0.1309562688197541,1.253993716333969
2009-08,in_sample,0.07601509707268232,1.26,2.001253709202254,0.7766782858282325
2009-09,in_sample,0.03390320228058674,1.13,0.8005394276581167,0.4500940439032549
2009-10,in_sample,0.02188316713038243,1.11,0.4578184947538615,0.3998503143763358
2009-11,in_sample,0.01893614680612568,1.19,0.3737916560469959,0.6008252324840138
2009-12,in_sample,0.02029681448138652,1.06,0.4125876569913136,0.2742409905590367
2010-01,in_sample,0.01181771707991454,0.96,0.1708276175816847,0.02302234292443851
2010-02,in_sample,-0.0311132592188617,1.02,-1.053240703662531,0.1737535315051974
2010-03,in_sample,0.05613620716773501,0.99,1.434457388876292,0.09838793721481796
2010-04,in_sample,0.03854276174277434,0.94,0.9328247435724111,-0.02722138660248113
2010-05,in_sample,-0.06224935828483324,1.19,-1.941007901140959,0.6008252324840138
2010-06,in_sample,-0.03776904481234703,1.39,-1.243013613583782,1.10326252775321
2010-07,in_sample,-0.003291483953148587,1.15,-0.2599730754929369,0.5003377734301745
2010-08,in_sample,0.006903325862905318,1.22,0.03070616855902931,0.6761908267743932
2010-09,in_sample,0.0315049411415084,1.04,0.7321590706406933,0.223997261032117
2010-10,in_sample,0.04316915934668791,1.03,1.064734782352316,0.1988753962686572
2010-11,in_sample,0.02304286356430272,1.05,0.4908843085183201,0.2491191257955769
2010-12,in_sample,0.03494836127403601,1.1,0.8303394956938674,0.3747284496128759
2011-01,in_sample,0.03256037094561733,0.98,0.7622519848925305,0.07326607245135815
2011-02,in_sample,0.02957500074987406,0.9,0.6771316964936814,-0.1277088456563201
2011-03,in_sample,-0.012667701894044,0.9,-0.5273122404505927,-0.1277088456563201
2011-04,in_sample,0.02050147677740933,0.81,0.4184230852697471,-0.3538056285274582
2011-05,in_sample,0.005093987388109528,0.76,-0.02088254663795038,-0.4794149523447573
2011-06,in_sample,-0.03886839050217866,0.76,-1.274358678360649,-0.4794149523447573
2011-07,in_sample,0.02901661192806692,0.92,0.661210650045677,-0.07746511612940049
2011-08,in_sample,-0.1115515016339191,1.07,-3.346733953655109,0.2993628553224965
2011-09,in_sample,-0.009689842219560657,1.26,-0.442406095589648,0.7766782858282325
2011-10,in_sample,0.02800569406648993,1.31,0.6323868813728081,0.9022876096455316
2011-11,in_sample,0.01577916073816062,1.25,0.283778174650452,0.7515564210647726
2011-12,in_sample,0.01368586473400817,1.39,0.2240931279411098,1.10326252775321
2012-01,in_sample,0.0450250977470868,1.35,1.117652176690112,1.002775068699371
2012-02,in_sample,0.03913701917921351,1.28,0.9497684929422504,0.8269220153551521
2012-03,in_sample,0.02680949702767644,1.26,0.598280345080982,0.7766782858282325
2012-04,in_sample,-0.002024737061668188,1.2,-0.2238549884011244,0.6259470972474735
2012-05,in_sample,-0.0331151716470485,1.36,-1.110320178589785,1.027896933462831
2012-06,in_sample,-0.01335229519086496,1.4,-0.5468316886397679,1.128384392516669
2012-07,in_sample,0.0270582908328382,1.49,0.6053740718413725,1.354481175387808
2012-08,in_sample,0.03161056900579222,1.42,0.7351707823150487,1.178628122043589
2012-09,in_sample,0.02808180677041585,1.3,0.6345570428215384,0.8771657448820718
2012-10,in_sample,-0.003887220121583679,1.05,-0.2769589871695272,0.2491191257955769
2012-11,in_sample,-0.03058497852264389,0.99,-1.038178114345561,0.09838793721481796
2012-12,in_sample,0.01972514961509142,0.96,0.3962880776775283,0.02302234292443851
2013-01,in_sample,0.04004407282603476,0.94,0.9756308359510812,-0.02722138660248113
2013-02,in_sample,0.02132596166745246,0.94,0.4419311887944061,-0.02722138660248113
2013-03,in_sample,0.02515198828447993,0.93,0.5510206710728234,-0.05234325136594067
2013-04,in_sample,0.01273110838505307,0.83,0.1968706629049248,-0.3035618990005389
2013-05,in_sample,0.043077296234266,0.86,1.062115537799758,-0.2281963047101594
2013-06,in_sample,-0.01293207449937463,1.03,-0.5348501573369424,0.1988753962686572
2013-07,in_sample,0.03036629311931478,0.9,0.6996933991564338,-0.1277088456563201
2013-08,in_sample,0.0008446224710434821,0.85,-0.1420424509501049,-0.2533181694736192
2013-09,in_sample,0.01017505189341215,0.83,0.1239911700894431,-0.3035618990005389
2013-10,in_sample,0.01928916344820775,0.74,0.3838570336763649,-0.529658681871677
2013-11,in_sample,0.0362584208420753,0.74,0.8676925343254508,-0.529658681871677
2013-12,in_sample,0.01349941977447679,0.8,0.2187771209854394,-0.378927493290918
2014-01,in_sample,0.008032791241485987,0.64,0.06291002016121407,-0.7808773295062749
2014-02,in_sample,-0.002923560910733512,0.69,-0.2494826795200663,-0.655268005688976
2014-03,in_sample,0.02525836889118085,0.67,0.5540538452953497,-0.7055117352158954
2014-04,in_sample,0.0003970191426105075,0.62,-0.1548047289613294,-0.8311210590331944
2014-05,in_sample,0.01359093702983411,0.54,0.2213865042976307,-1.032095977140873
2014-06,in_sample,0.02988082173855209,0.56,0.6858514093091348,-0.9818522476139531
2014-07,in_sample,0.01326995971007678,0.6,0.2122346469949116,-0.8813647885601141
2014-08,in_sample,-0.005881129025228559,0.63,-0.3338102618158961,-0.8059991942697347
2014-09,in_sample,0.01603165751778696,0.76,0.290977482371893,-0.4794149523447573
2014-10,in_sample,-0.02847667296444207,0.84,-0.9780651081251194,-0.278440034237079
2014-11,in_sample,0.05390773291510084,0.87,1.370918075948167,-0.2030744399466996
2014-12,in_sample,0.004733055258621784,0.96,-0.03117361439169623,0.02302234292443851
2015-01,in_sample,-0.01278171450843505,1,-0.530563022089637,0.1235098019782778
2015-02,in_sample,0.02628618787183353,0.82,0.5833595066768807,-0.3286837637639987
2015-03,in_sample,-0.00106194104915356,0.97,-0.1964032926712744,0.04814420768789832
2015-04,in_sample,0.00712363935614136,0.91,0.03698785118222596,-0.1025869808928603
2015-05,in_sample,0.008120230984056918,0.9,0.065403143498404,-0.1277088456563201
2015-06,in_sample,-0.006007764025358703,0.99,-0.3374209388930091,0.09838793721481796
2015-07,in_sample,-0.002456224422097852,1.07,-0.2361577603027802,0.2993628553224965
2015-08,in_sample,-0.02625688756673005,1.21,-0.9147735359421401,0.6510689620109333
2015-09,in_sample,-0.04792749118473864,1.35,-1.532656045914333,1.002775068699371
2015-10,in_sample,0.04051727984533032,1.37,0.9891231385178554,1.05301879822629
2015-11,in_sample,0.02719005722423832,1.42,0.6091310575757537,1.178628122043589
2015-12,in_sample,-0.01283786707892725,1.46,-0.5321640707640857,1.279115581097428
2016-01,in_sample,-0.06823230573956614,1.37,-2.111596531505184,1.05301879822629
2016-02,in_sample,-0.00741825312324991,1.45,-0.3776374718265537,1.253993716333969
2016-03,in_sample,0.05988489202199047,1.18,1.54134166619828,0.575703367720554
2016-04,in_sample,0.02615896848926043,1.06,0.5797321674108873,0.2742409905590367
2016-05,in_sample,-0.004824826014269101,1.05,-0.3036924502769303,0.2491191257955769
2016-06,in_sample,0.008839804613196051,1.02,0.08591996748353786,0.1737535315051974
2016-07,in_sample,0.03071974391774002,0.92,0.709771155657004,-0.07746511612940049
2016-08,in_sample,0.01020877646320801,0.95,0.124952740989844,-0.002099521839021312
2016-09,in_sample,-0.00612665478170606,0.85,-0.3408108084249934,-0.2533181694736192
2016-10,in_sample,-0.00682215582883705,0.84,-0.3606412635551157,-0.278440034237079
2016-11,in_sample,0.01019969334709823,0.81,0.1246937588830597,-0.3538056285274582
2016-12,in_sample,0.03701557314200675,0.75,0.8892808191632617,-0.5045368171082171
2017-01,in_sample,0.01260148261642533,0.69,0.193174711620475,-0.655268005688976
2017-02,in_sample,0.02379684195756694,0.71,0.5123820974265973,-0.6050242761620563
2017-03,in_sample,0.01571764179071489,0.7,0.2820241172956753,-0.6301461409255162
2017-04,in_sample,-0.003178078605976021,0.72,-0.2567396085443272,-0.5799024113985966
2017-05,in_sample,0.01516015456596961,0.69,0.2661287776099459,-0.655268005688976
2017-06,in_sample,0.01600252812061225,0.69,0.2901469312087804,-0.655268005688976
2017-07,in_sample,0.008228209161259463,0.68,0.06848186840741792,-0.6803898704524356
2017-08,in_sample,0.0008634875656675779,0.67,-0.1415045604407924,-0.7055117352158954
2017-09,in_sample,0.01479903995825891,0.71,0.2558325069507155,-0.6050242761620563
2017-10,in_sample,0.02541207353040274,0.71,0.5584363447379527,-0.6050242761620563
2017-11,in_sample,0.01421603132745591,0.69,0.2392094888527492,-0.655268005688976
2017-12,in_sample,0.02690564452555205,0.72,0.6010217480599725,-0.5799024113985966
2018-01,in_sample,0.04601353651394033,0.69,1.145835010771843,-0.655268005688976
2018-02,in_sample,-0.0308088484040932,0.71,-1.044561198393211,-0.6050242761620563
2018-03,in_sample,-0.0008838872380375789,0.82,-0.1913265381118845,-0.3286837637639987
2018-04,in_sample,-0.01834865905062431,0.79,-0.6892903804612077,-0.4040493580543779
2018-05,in_sample,0.01787495866465659,0.87,0.3435345573541492,-0.2030744399466996
2018-06,in_sample,0.01937800745577034,0.91,0.3863901960818246,-0.1025869808928603
2018-07,in_sample,0.01416392489912207,0.9,0.2377238056991041,-0.1277088456563201
2018-08,in_sample,0.02271369141582278,0.87,0.4814987963793455,-0.2030744399466996
2018-09,in_sample,0.01516874822991169,0.9,0.2663738042248011,-0.1277088456563201
2018-10,in_sample,-0.04081481435188008,0.91,-1.32985603666791,-0.1025869808928603
2018-11,in_sample,-0.02259435450917464,1.06,-0.8103456594349131,0.2742409905590367
2018-12,in_sample,-0.05896001765259378,1.15,-1.847220663746581,0.5003377734301745
2019-01,out_of_sample,0.01549106286614113,1.22,0.2755637917279051,0.6761908267743932
2019-02,out_of_sample,0.05501690361573267,1.09,1.40254327608447,0.3496065848494161
2019-03,out_of_sample,0.01767321186253742,1.05,0.3377822570181924,0.2491191257955769
2019-04,out_of_sample,0.03498038758816188,0.94,0.8312526451245926,-0.02722138660248113
2019-05,out_of_sample,-0.0170499623008232,1,-0.6522613238827836,0.1235098019782778
2019-06,out_of_sample,0.01234506215708953,1.06,0.1858635300855518,0.2742409905590367
2019-07,out_of_sample,0.03600067037231582,0.89,0.8603434309036544,-0.1528307104197799
2019-08,out_of_sample,-0.03346832556465557,0.91,-1.120389470283914,-0.1025869808928603
2019-09,out_of_sample,0.02879886012614616,0.87,0.6550020075780552,-0.2030744399466996
2019-10,out_of_sample,-0.001502055036934302,0.88,-0.2089520310561088,-0.1779525751832398
2019-11,out_of_sample,0.04183848424805165,0.91,1.026793943952244,-0.1025869808928603
2019-12,out_of_sample,0.02287555363522414,0.86,0.486113888610107,-0.2281963047101594
2020-01,out_of_sample,0.0314368511273123,0.82,0.7302176559197592,-0.3286837637639987
2020-02,out_of_sample,-0.0002711141204610977,0.81,-0.1738548608754921,-0.3538056285274582
2020-03,out_of_sample,-0.2115617574003709,1.9,-6.19827371439274,2.384477630689659
2020-04,out_of_sample,0.04048359842847173,1.49,0.9881627980144319,1.354481175387808
2020-05,out_of_sample,0.05550566853342035,1.3,1.416479172815849,0.8771657448820718
2020-06,out_of_sample,0.06145274312732351,1.25,1.58604497918864,0.7515564210647726
2020-07,out_of_sample,0.03262444430709309,1.12,0.7640788749094793,0.4249721791397956
2020-08,out_of_sample,0.05580527328505448,0.97,1.425021645337724,0.04814420768789832
2020-09,out_of_sample,-0.007752726324176956,1.12,-0.3871741300826021,0.4249721791397956
2020-10,out_of_sample,0.01567926806077748,1.1,0.2809299873402448,0.3747284496128759
2020-11,out_of_sample,0.03740299966247441,0.93,0.9003273075359908,-0.05234325136594067
2020-12,out_of_sample,0.04040068764853454,0.88,0.9857988066040232,-0.1779525751832398
2021-01,out_of_sample,0.02629011158926752,0.77,0.5834713815659823,-0.4542930875812975
2021-02,out_of_sample,0.02336476622326954,0.7,0.5000625495306679,-0.6301461409255162
2021-03,out_of_sample,0.006948029689668992,0.73,0.03198078523205758,-0.5547805466351368
2021-04,out_of_sample,0.05731249592556224,0.67,1.467996290835367,-0.7055117352158954
2021-05,out_of_sample,0.006420343886757315,0.67,0.01693515779467468,-0.7055117352158954
2021-06,out_of_sample,0.01680677114214935,0.69,0.313077888995393,-0.655268005688976
2021-07,out_of_sample,0.02911630122178848,0.68,0.6640530383846359,-0.6803898704524356
2021-08,out_of_sample,0.02052563224803492,0.7,0.4191118174842616,-0.6301461409255162
2021-09,out_of_sample,-0.001946803749342591,0.67,-0.2216329169037633,-0.7055117352158954
2021-10,out_of_sample,0.003405209457548076,0.65,-0.06903378252017658,-0.755755464742815
2021-11,out_of_sample,0.04529200908659686,0.67,1.125262479167311,-0.7055117352158954
2021-12,out_of_sample,0.001581232311192515,0.66,-0.1210398824511234,-0.7306335999793552
2022-01,out_of_sample,-0.02183278897038144,0.66,-0.7886315422412957,-0.7306335999793552
2022-02,out_of_sample,-0.03059907854273927,0.91,-1.038580140793959,-0.1025869808928603
2022-03,out_of_sample,-0.01013128957737102,0.87,-0.4549928516520306,-0.2030744399466996
2022-04,out_of_sample,7.009938884917151e-06,0.93,-0.1659248560218404,-0.05234325136594067
2022-05,out_of_sample,-0.08329060300621717,1.03,-2.540945832292255,0.1988753962686572
2022-06,out_of_sample,-0.03562736572812014,1.1,-1.181949045589129,0.3747284496128759
2022-07,out_of_sample,0.003273172379225498,1.18,-0.07279848620824335,0.575703367720554
2022-08,out_of_sample,0.06118998879527346,1.06,1.578553203276212,0.2742409905590367
2022-09,out_of_sample,-0.076961264576928,1.16,-2.360480738467977,0.5254596381936343
2022-10,out_of_sample,-0.03285938087710223,1.2,-1.103026951056853,0.6259470972474735
2022-11,out_of_sample,0.05010183102502228,1.17,1.262402399412261,0.5505815029570941
2022-12,out_of_sample,-0.001304650034477477,1.17,-0.2033235261676835,0.5505815029570941
2023-01,out_of_sample,0.01226366645733764,1.01,0.1835427373586777,0.1486316667417376
2023-02,out_of_sample,0.02960992069450605,1.06,0.6781273504873422,0.2742409905590367
2023-03,out_of_sample,-0.0276166256651649,1.21,-0.9535430323519014,0.6510689620109333
2023-04,out_of_sample,0.03780616795264141,1.07,0.9118226326990874,0.2993628553224965
2023-05,out_of_sample,0.005976526624640511,1.13,0.004280829898711917,0.4500940439032549
2023-06,out_of_sample,0.04692578399605275,1.09,1.171845442871437,0.3496065848494161
2023-07,out_of_sample,0.03675877608393973,1.08,0.8819588998670189,0.3244847200859563
2023-08,out_of_sample,-0.01131397414659954,1.07,-0.4887141140137779,0.2993628553224965
2023-09,out_of_sample,0.01301934506963218,1.01,0.2050890037168902,0.1486316667417376
2023-10,out_of_sample,-0.05610241281900381,1.01,-1.765743281842002,0.1486316667417376
2023-11,out_of_sample,0.04368891671141945,1.03,1.079554350406709,0.1988753962686572
2023-12,out_of_sample,0.04921436913574626,0.84,1.237098665869977,-0.278440034237079
2024-01,out_of_sample,0.02517430935895408,0.74,0.5516571001158012,-0.529658681871677
2024-02,out_of_sample,0.04227615880502343,0.75,1.039273128130942,-0.5045368171082171
2024-03,out_of_sample,0.03115587773776513,0.73,0.7222064096144403,-0.5547805466351368
2024-04,out_of_sample,-0.01129636851698312,0.72,-0.4882121339670389,-0.5799024113985966
2024-05,out_of_sample,0.02372421303312788,0.67,0.5103112671479384,-0.7055117352158954
2024-06,out_of_sample,0.03378795581778392,0.72,0.7972534659490091,-0.5799024113985966
2024-07,out_of_sample,0.02243469052107118,0.73,0.4735437907794853,-0.5547805466351368
2024-08,out_of_sample,-0.01085501948384007,0.73,-0.4756281813841211,-0.5547805466351368
2024-09,out_of_sample,0.02577743280002138,0.72,0.5688536412070722,-0.5799024113985966
2024-10,out_of_sample,0.02997706411109956,0.65,0.6885955173996862,-0.755755464742815
2024-11,out_of_sample,0.02347782001745608,0.61,0.5032859928341028,-0.8562429237966542
2024-12,out_of_sample,0.01356542920110374,0.6,0.2206592130085795,-0.8813647885601141
2025-01,out_of_sample,-0.005235854212211702,0.6,-0.3154118808516777,-0.8813647885601141
2025-02,out_of_sample,0.009846803823628568,0.6,0.11463200571975,-0.8813647885601141
2025-03,out_of_sample,-0.06053540942620294,0.68,-1.892138979840843,-0.6803898704524356
2025-04,out_of_sample,-0.05691689726369069,0.75,-1.788966247934105,-0.5045368171082171
2025-05,out_of_sample,0.07900411168843578,0.74,2.086477909029828,-0.529658681871677
2025-06,out_of_sample,0.03699981282618292,0.65,0.8888314535770124,-0.755755464742815
2025-07,out_of_sample,0.04325520463301134,0.63,1.067188146292793,-0.8059991942697347
2025-08,out_of_sample,0.01770152749879386,0.61,0.3385896058447406,-0.8562429237966542
2025-09,out_of_sample,0.02695005007466874,0.61,0.6022878600995151,-0.8562429237966542
2025-10,out_of_sample,0.02277475346611047,0.58,0.4832398264660411,-0.9316085180870337
2025-11,out_of_sample,0.0007717091811226032,0.62,-0.1441213891920099,-0.8311210590331944
2025-12,out_of_sample,0.01649892655447218,0.55,0.3043004783672341,-1.006974112377413
2026-01,out_of_sample,0.01104193077272914,0.5,0.1487080311070637,-1.132583436194712
2026-02,out_of_sample,-0.005108913494049361,0.53,-0.3117924869972933,-1.057217841904333
2026-03,out_of_sample,-0.03534261198544243,0.56,-1.173830012065602,-0.9818522476139531
2026-04,out_of_sample,0.04446848880948082,0.58,1.10178187914311,-0.9316085180870337
